{"assets/animations/loader.json":["assets/animations/loader.json"],"assets/audios/congratulations.mp3":["assets/audios/congratulations.mp3"],"assets/colorWeelIcon.png":["assets/colorWeelIcon.png"],"assets/images/logo.png":["assets/images/logo.png"],"assets/images/no_image.png":["assets/images/no_image.png"],"assets/images/spin_background.png":["assets/images/spin_background.png"],"packages/cupertino_icons/assets/CupertinoIcons.ttf":["packages/cupertino_icons/assets/CupertinoIcons.ttf"],"packages/iconsax_flutter/fonts/FlutterIconsax.ttf":["packages/iconsax_flutter/fonts/FlutterIconsax.ttf"]}